{
    "results": {
        "headqa_en": {
            "alias": "headqa_en",
            "acc,none": 0.4285193289569657,
            "acc_stderr,none": 0.00945216868048837,
            "acc_norm,none": 0.47301239970824216,
            "acc_norm_stderr,none": 0.00953634475949492
        },
        "medmcqa_continuation": {
            "alias": "medmcqa_continuation",
            "acc,none": 0.35142242409753766,
            "acc_stderr,none": 0.007382503906270725
        },
        "mmlu_continuation_anatomy": {
            "alias": "mmlu_continuation_anatomy",
            "acc,none": 0.5481481481481482,
            "acc_stderr,none": 0.04299268905480864,
            "acc_norm,none": 0.4888888888888889,
            "acc_norm_stderr,none": 0.04318275491977976
        },
        "mmlu_continuation_clinical_knowledge": {
            "alias": "mmlu_continuation_clinical_knowledge",
            "acc,none": 0.4339622641509434,
            "acc_stderr,none": 0.030503292013342596,
            "acc_norm,none": 0.5094339622641509,
            "acc_norm_stderr,none": 0.030767394707808093
        },
        "mmlu_continuation_college_biology": {
            "alias": "mmlu_continuation_college_biology",
            "acc,none": 0.5069444444444444,
            "acc_stderr,none": 0.041808067502949374,
            "acc_norm,none": 0.5416666666666666,
            "acc_norm_stderr,none": 0.04166666666666665
        },
        "mmlu_continuation_college_medicine": {
            "alias": "mmlu_continuation_college_medicine",
            "acc,none": 0.44508670520231214,
            "acc_stderr,none": 0.03789401760283647,
            "acc_norm,none": 0.4393063583815029,
            "acc_norm_stderr,none": 0.03784271932887467
        },
        "mmlu_continuation_medical_genetics": {
            "alias": "mmlu_continuation_medical_genetics",
            "acc,none": 0.54,
            "acc_stderr,none": 0.05009082659620333,
            "acc_norm,none": 0.6,
            "acc_norm_stderr,none": 0.049236596391733084
        },
        "mmlu_continuation_professional_medicine": {
            "alias": "mmlu_continuation_professional_medicine",
            "acc,none": 0.4852941176470588,
            "acc_stderr,none": 0.03035969707904612,
            "acc_norm,none": 0.5110294117647058,
            "acc_norm_stderr,none": 0.030365446477275675
        }
    },
    "group_subtasks": {
        "headqa_en": [],
        "medmcqa_continuation": [],
        "mmlu_continuation_anatomy": [],
        "mmlu_continuation_clinical_knowledge": [],
        "mmlu_continuation_college_biology": [],
        "mmlu_continuation_college_medicine": [],
        "mmlu_continuation_medical_genetics": [],
        "mmlu_continuation_professional_medicine": []
    },
    "configs": {
        "headqa_en": {
            "task": "headqa_en",
            "tag": "headqa",
            "dataset_path": "EleutherAI/headqa",
            "dataset_name": "en",
            "training_split": "train",
            "validation_split": "validation",
            "test_split": "test",
            "doc_to_text": "Question: {{qtext}}\nAnswer:",
            "doc_to_target": "{{ra - 1}}",
            "unsafe_code": false,
            "doc_to_choice": "{{answers|map(attribute='atext')|list}}",
            "description": "",
            "target_delimiter": " ",
            "fewshot_delimiter": "\n\n",
            "num_fewshot": 4,
            "metric_list": [
                {
                    "metric": "acc",
                    "aggregation": "mean",
                    "higher_is_better": true
                },
                {
                    "metric": "acc_norm",
                    "aggregation": "mean",
                    "higher_is_better": true
                }
            ],
            "output_type": "multiple_choice",
            "repeats": 1,
            "should_decontaminate": true,
            "doc_to_decontamination_query": "query",
            "metadata": {
                "version": 1.0
            }
        },
        "medmcqa_continuation": {
            "task": "medmcqa_continuation",
            "dataset_path": "kotmul/preprocessed_medmcqa",
            "training_split": "train",
            "validation_split": "validation",
            "test_split": "validation",
            "doc_to_text": "Question: {{question}}\nAnswer: ",
            "doc_to_target": "{{cop}}",
            "unsafe_code": false,
            "doc_to_choice": "{{choices}}",
            "description": "",
            "target_delimiter": " ",
            "fewshot_delimiter": "\n\n",
            "num_fewshot": 4,
            "metric_list": [
                {
                    "metric": "acc",
                    "aggregation": "mean",
                    "higher_is_better": true
                }
            ],
            "output_type": "multiple_choice",
            "repeats": 1,
            "should_decontaminate": true
        },
        "mmlu_continuation_anatomy": {
            "task": "mmlu_continuation_anatomy",
            "tag": "mmlu_continuation_stem",
            "dataset_path": "hails/mmlu_no_train",
            "dataset_name": "anatomy",
            "dataset_kwargs": {
                "trust_remote_code": true
            },
            "test_split": "test",
            "fewshot_split": "dev",
            "doc_to_text": "Question: {{question.strip()}}\nAnswer:",
            "doc_to_target": "{{answer}}",
            "unsafe_code": false,
            "doc_to_choice": "{{choices}}",
            "description": "The following are questions (with answers) about anatomy.\n\n",
            "target_delimiter": " ",
            "fewshot_delimiter": "\n\n",
            "fewshot_config": {
                "sampler": "first_n"
            },
            "num_fewshot": 4,
            "output_type": "multiple_choice",
            "repeats": 1,
            "should_decontaminate": false,
            "metadata": {
                "version": 1.0
            }
        },
        "mmlu_continuation_clinical_knowledge": {
            "task": "mmlu_continuation_clinical_knowledge",
            "tag": "mmlu_continuation_other",
            "dataset_path": "hails/mmlu_no_train",
            "dataset_name": "clinical_knowledge",
            "dataset_kwargs": {
                "trust_remote_code": true
            },
            "test_split": "test",
            "fewshot_split": "dev",
            "doc_to_text": "Question: {{question.strip()}}\nAnswer:",
            "doc_to_target": "{{answer}}",
            "unsafe_code": false,
            "doc_to_choice": "{{choices}}",
            "description": "The following are questions (with answers) about clinical knowledge.\n\n",
            "target_delimiter": " ",
            "fewshot_delimiter": "\n\n",
            "fewshot_config": {
                "sampler": "first_n"
            },
            "num_fewshot": 4,
            "output_type": "multiple_choice",
            "repeats": 1,
            "should_decontaminate": false,
            "metadata": {
                "version": 1.0
            }
        },
        "mmlu_continuation_college_biology": {
            "task": "mmlu_continuation_college_biology",
            "tag": "mmlu_continuation_stem",
            "dataset_path": "hails/mmlu_no_train",
            "dataset_name": "college_biology",
            "dataset_kwargs": {
                "trust_remote_code": true
            },
            "test_split": "test",
            "fewshot_split": "dev",
            "doc_to_text": "Question: {{question.strip()}}\nAnswer:",
            "doc_to_target": "{{answer}}",
            "unsafe_code": false,
            "doc_to_choice": "{{choices}}",
            "description": "The following are questions (with answers) about college biology.\n\n",
            "target_delimiter": " ",
            "fewshot_delimiter": "\n\n",
            "fewshot_config": {
                "sampler": "first_n"
            },
            "num_fewshot": 4,