{
    "results": {
        "headqa_en": {
            "alias": "headqa_en",
            "acc,none": 0.24653537563822028,
            "acc_stderr,none": 0.008232211853559133,
            "acc_norm,none": 0.29175784099197666,
            "acc_norm_stderr,none": 0.00868255689949116
        },
        "medmcqa_continuation": {
            "alias": "medmcqa_continuation",
            "acc,none": 0.22543628974420274,
            "acc_stderr,none": 0.006461725020954355
        },
        "medqa_4options_continuation": {
            "alias": "medqa_4options_continuation",
            "acc,none": 0.22230950510604872,
            "acc_stderr,none": 0.011658397419102037
        },
        "mmlu_continuation_anatomy": {
            "alias": "mmlu_continuation_anatomy",
            "acc,none": 0.34814814814814815,
            "acc_stderr,none": 0.041153246103369526,
            "acc_norm,none": 0.31851851851851853,
            "acc_norm_stderr,none": 0.040247784019771096
        },
        "mmlu_continuation_clinical_knowledge": {
            "alias": "mmlu_continuation_clinical_knowledge",
            "acc,none": 0.2528301886792453,
            "acc_stderr,none": 0.026749899771241238,
            "acc_norm,none": 0.3169811320754717,
            "acc_norm_stderr,none": 0.028637235639800907
        },
        "mmlu_continuation_college_biology": {
            "alias": "mmlu_continuation_college_biology",
            "acc,none": 0.2986111111111111,
            "acc_stderr,none": 0.03827052357950756,
            "acc_norm,none": 0.2986111111111111,
            "acc_norm_stderr,none": 0.038270523579507554
        },
        "mmlu_continuation_college_medicine": {
            "alias": "mmlu_continuation_college_medicine",
            "acc,none": 0.28901734104046245,
            "acc_stderr,none": 0.034564257450869974,
            "acc_norm,none": 0.2543352601156069,
            "acc_norm_stderr,none": 0.0332055644308557
        },
        "mmlu_continuation_medical_genetics": {
            "alias": "mmlu_continuation_medical_genetics",
            "acc,none": 0.27,
            "acc_stderr,none": 0.044619604333847394,
            "acc_norm,none": 0.29,
            "acc_norm_stderr,none": 0.045604802157206845
        },
        "mmlu_continuation_professional_medicine": {
            "alias": "mmlu_continuation_professional_medicine",
            "acc,none": 0.2610294117647059,
            "acc_stderr,none": 0.026679252270103128,
            "acc_norm,none": 0.27941176470588236,
            "acc_norm_stderr,none": 0.02725720260611494
        }
    },
    "group_subtasks": {
        "headqa_en": [],
        "medmcqa_continuation": [],
        "medqa_4options_continuation": [],
        "mmlu_continuation_anatomy": [],
        "mmlu_continuation_clinical_knowledge": [],
        "mmlu_continuation_college_biology": [],
        "mmlu_continuation_college_medicine": [],
        "mmlu_continuation_medical_genetics": [],
        "mmlu_continuation_professional_medicine": []
    },
    "configs": {
        "headqa_en": {
            "task": "headqa_en",
            "tag": "headqa",
            "dataset_path": "EleutherAI/headqa",
            "dataset_name": "en",
            "training_split": "train",
            "validation_split": "validation",
            "test_split": "test",
            "doc_to_text": "Question: {{qtext}}\nAnswer:",
            "doc_to_target": "{{ra - 1}}",
            "unsafe_code": false,
            "doc_to_choice": "{{answers|map(attribute='atext')|list}}",
            "description": "",
            "target_delimiter": " ",
            "fewshot_delimiter": "\n\n",
            "num_fewshot": 4,
            "metric_list": [
                {
                    "metric": "acc",
                    "aggregation": "mean",
                    "higher_is_better": true
                },
                {
                    "metric": "acc_norm",
                    "aggregation": "mean",
                    "higher_is_better": true
                }
            ],
            "output_type": "multiple_choice",
            "repeats": 1,
            "should_decontaminate": true,
            "doc_to_decontamination_query": "query",
            "metadata": {
                "version": 1.0
            }
        },
        "medmcqa_continuation": {
            "task": "medmcqa_continuation",
            "dataset_path": "kotmul/preprocessed_medmcqa",
            "training_split": "train",
            "validation_split": "validation",
            "test_split": "validation",
            "doc_to_text": "Question: {{question}}\nAnswer: ",
            "doc_to_target": "{{cop}}",
            "unsafe_code": false,
            "doc_to_choice": "{{choices}}",
            "description": "",
            "target_delimiter": " ",
            "fewshot_delimiter": "\n\n",
            "num_fewshot": 4,
            "metric_list": [
                {
                    "metric": "acc",
                    "aggregation": "mean",
                    "higher_is_better": true
                }
            ],
            "output_type": "multiple_choice",
            "repeats": 1,
            "should_decontaminate": true
        },
        "medqa_4options_continuation": {
            "task": "medqa_4options_continuation",
            "dataset_path": "kotmul/preprocessed_medqa",
            "training_split": "train",
            "validation_split": "validation",
            "test_split": "test",
            "doc_to_text": "Question: {{sent1}}\nAnswer: ",
            "doc_to_target": "{{label}}",
            "unsafe_code": false,
            "doc_to_choice": "{{choices}}",
            "description": "",
            "target_delimiter": " ",
            "fewshot_delimiter": "\n\n",
            "num_fewshot": 4,
            "metric_list": [
                {
                    "metric": "acc",
                    "aggregation": "mean"
                }
            ],
            "output_type": "multiple_choice",
            "repeats": 1,
            "should_decontaminate": false
        },
        "mmlu_continuation_anatomy": {
            "task": "mmlu_continuation_anatomy",
            "tag": "mmlu_continuation_stem",
            "dataset_path": "hails/mmlu_no_train",
            "dataset_name": "anatomy",
            "dataset_kwargs": {
                "trust_remote_code": true
            },
            "test_split": "test",
            "fewshot_split": "dev",
            "doc_to_text": "Question: {{question.strip()}}\nAnswer:",
            "doc_to_target": "{{answer}}",
            "unsafe_code": false,
            "doc_to_choice": "{{choices}}",
            "description": "The following are questions (with answers) about anatomy.\n\n",
            "target_delimiter": " ",
            "fewshot_delimiter": "\n\n",
            "fewshot_config": {
                "sampler": "first_n"
            },
            "num_fewshot": 4,
            "output_type": "multiple_choice",
            "repeats": 1,
            "should_decontaminate": false,
            "metadata": {
                "version": 1.0
            }
        },
        "mmlu_continuation_clinical_knowledge": {
            "task": "mmlu_continuation_clinical_knowledge",
            "tag": "mmlu_continuation_other",
            "dataset_path": "hails/mmlu_no_train",
            "dataset_name": "clinical_knowledge",
            "dataset_kwargs": {
                "trust_remote_code": true
            },
            "test_split": "test",
            "fewshot_split": "dev",
            "doc_to_text": "Question: {{question.strip()}}\nAnswer:",
            "doc_to_target": "{{answer}}",
            "unsafe_code": false,
            "doc_to_choice": "{{choices}}",
            "description": "The following are questions (with answers) about clinical knowledge.\n\n",
            "target_delimiter": " ",
            "fewshot_delimiter": "\n\n",
            "fewshot_config": {
                "sampler": "first_n"
            },