{
    "results": {
        "mmlu_continuation_business_ethics": {
            "alias": "mmlu_continuation_business_ethics",
            "acc,none": 0.59,
            "acc_stderr,none": 0.04943110704237102,
            "acc_norm,none": 0.54,
            "acc_norm_stderr,none": 0.05009082659620332
        },
        "mmlu_continuation_econometrics": {
            "alias": "mmlu_continuation_econometrics",
            "acc,none": 0.22807017543859648,
            "acc_stderr,none": 0.03947152782669415,
            "acc_norm,none": 0.24561403508771928,
            "acc_norm_stderr,none": 0.040493392977481404
        },
        "mmlu_continuation_high_school_macroeconomics": {
            "alias": "mmlu_continuation_high_school_macroeconomics",
            "acc,none": 0.31794871794871793,
            "acc_stderr,none": 0.02361088430892786,
            "acc_norm,none": 0.36666666666666664,
            "acc_norm_stderr,none": 0.02443301646605246
        },
        "mmlu_continuation_high_school_microeconomics": {
            "alias": "mmlu_continuation_high_school_microeconomics",
            "acc,none": 0.3907563025210084,
            "acc_stderr,none": 0.031693802357129965,
            "acc_norm,none": 0.46638655462184875,
            "acc_norm_stderr,none": 0.03240501447690071
        },
        "mmlu_continuation_management": {
            "alias": "mmlu_continuation_management",
            "acc,none": 0.4563106796116505,
            "acc_stderr,none": 0.049318019942204146,
            "acc_norm,none": 0.5048543689320388,
            "acc_norm_stderr,none": 0.049505043821289195
        },
        "mmlu_continuation_marketing": {
            "alias": "mmlu_continuation_marketing",
            "acc,none": 0.5555555555555556,
            "acc_stderr,none": 0.03255326307272487,
            "acc_norm,none": 0.5598290598290598,
            "acc_norm_stderr,none": 0.0325207417206305
        },
        "mmlu_continuation_professional_accounting": {
            "alias": "mmlu_continuation_professional_accounting",
            "acc,none": 0.25886524822695034,
            "acc_stderr,none": 0.026129572527180848,
            "acc_norm,none": 0.25886524822695034,
            "acc_norm_stderr,none": 0.026129572527180844
        }
    },
    "group_subtasks": {
        "mmlu_continuation_business_ethics": [],
        "mmlu_continuation_econometrics": [],
        "mmlu_continuation_high_school_macroeconomics": [],
        "mmlu_continuation_high_school_microeconomics": [],
        "mmlu_continuation_management": [],
        "mmlu_continuation_marketing": [],
        "mmlu_continuation_professional_accounting": []
    },
    "configs": {
        "mmlu_continuation_business_ethics": {
            "task": "mmlu_continuation_business_ethics",
            "tag": "mmlu_continuation_other",
            "dataset_path": "hails/mmlu_no_train",
            "dataset_name": "business_ethics",
            "dataset_kwargs": {
                "trust_remote_code": true
            },
            "test_split": "test",
            "fewshot_split": "dev",
            "doc_to_text": "Question: {{question.strip()}}\nAnswer:",
            "doc_to_target": "{{answer}}",
            "unsafe_code": false,
            "doc_to_choice": "{{choices}}",
            "description": "The following are questions (with answers) about business ethics.\n\n",
            "target_delimiter": " ",
            "fewshot_delimiter": "\n\n",
            "fewshot_config": {
                "sampler": "first_n"
            },
            "num_fewshot": 4,
            "output_type": "multiple_choice",
            "repeats": 1,
            "should_decontaminate": false,
            "metadata": {
                "version": 1.0
            }
        },
        "mmlu_continuation_econometrics": {
            "task": "mmlu_continuation_econometrics",
            "tag": "mmlu_continuation_social_sciences",
            "dataset_path": "hails/mmlu_no_train",
            "dataset_name": "econometrics",
            "dataset_kwargs": {
                "trust_remote_code": true
            },
            "test_split": "test",
            "fewshot_split": "dev",
            "doc_to_text": "Question: {{question.strip()}}\nAnswer:",
            "doc_to_target": "{{answer}}",
            "unsafe_code": false,
            "doc_to_choice": "{{choices}}",
            "description": "The following are questions (with answers) about econometrics.\n\n",
            "target_delimiter": " ",
            "fewshot_delimiter": "\n\n",
            "fewshot_config": {
                "sampler": "first_n"
            },
            "num_fewshot": 4,
            "output_type": "multiple_choice",
            "repeats": 1,
            "should_decontaminate": false,
            "metadata": {
                "version": 1.0
            }
        },
        "mmlu_continuation_high_school_macroeconomics": {
            "task": "mmlu_continuation_high_school_macroeconomics",
            "tag": "mmlu_continuation_social_sciences",
            "dataset_path": "hails/mmlu_no_train",
            "dataset_name": "high_school_macroeconomics",
            "dataset_kwargs": {
                "trust_remote_code": true
            },
            "test_split": "test",
            "fewshot_split": "dev",
            "doc_to_text": "Question: {{question.strip()}}\nAnswer:",
            "doc_to_target": "{{answer}}",
            "unsafe_code": false,
            "doc_to_choice": "{{choices}}",
            "description": "The following are questions (with answers) about high school macroeconomics.\n\n",
            "target_delimiter": " ",
            "fewshot_delimiter": "\n\n",
            "fewshot_config": {
                "sampler": "first_n"
            },
            "num_fewshot": 4,
            "output_type": "multiple_choice",
            "repeats": 1,
            "should_decontaminate": false,
            "metadata": {
                "version": 1.0
            }
        },
        "mmlu_continuation_high_school_microeconomics": {
            "task": "mmlu_continuation_high_school_microeconomics",
            "tag": "mmlu_continuation_social_sciences",
            "dataset_path": "hails/mmlu_no_train",
            "dataset_name": "high_school_microeconomics",
            "dataset_kwargs": {
                "trust_remote_code": true
            },
            "test_split": "test",
            "fewshot_split": "dev",
            "doc_to_text": "Question: {{question.strip()}}\nAnswer:",
            "doc_to_target": "{{answer}}",
            "unsafe_code": false,
            "doc_to_choice": "{{choices}}",
            "description": "The following are questions (with answers) about high school microeconomics.\n\n",
            "target_delimiter": " ",
            "fewshot_delimiter": "\n\n",
            "fewshot_config": {
                "sampler": "first_n"
            },
            "num_fewshot": 4,
            "output_type": "multiple_choice",
            "repeats": 1,
            "should_decontaminate": false,
            "metadata": {
                "version": 1.0
            }
        },
        "mmlu_continuation_management": {
            "task": "mmlu_continuation_management",
            "tag": "mmlu_continuation_other",
            "dataset_path": "hails/mmlu_no_train",
            "dataset_name": "management",
            "dataset_kwargs": {
                "trust_remote_code": true
            },
            "test_split": "test",
            "fewshot_split": "dev",
            "doc_to_text": "Question: {{question.strip()}}\nAnswer:",
            "doc_to_target": "{{answer}}",
            "unsafe_code": false,
            "doc_to_choice": "{{choices}}",
            "description": "The following are questions (with answers) about management.\n\n",
            "target_delimiter": " ",
            "fewshot_delimiter": "\n\n",
            "fewshot_config": {
                "sampler": "first_n"
            },
            "num_fewshot": 4,