{
    "results": {
        "headqa_en": {
            "alias": "headqa_en",
            "acc,none": 0.3530269876002918,
            "acc_stderr,none": 0.009128354932948656,
            "acc_norm,none": 0.4102844638949672,
            "acc_norm_stderr,none": 0.009395270814316502
        },
        "medmcqa_continuation": {
            "alias": "medmcqa_continuation",
            "acc,none": 0.30408797513746116,
            "acc_stderr,none": 0.007113523647158317
        },
        "medqa_4options_continuation": {
            "alias": "medqa_4options_continuation",
            "acc,none": 0.3629222309505106,
            "acc_stderr,none": 0.013482159339873404
        },
        "mmlu_continuation_anatomy": {
            "alias": "mmlu_continuation_anatomy",
            "acc,none": 0.4222222222222222,
            "acc_stderr,none": 0.04266763404099582,
            "acc_norm,none": 0.43703703703703706,
            "acc_norm_stderr,none": 0.04284958639753399
        },
        "mmlu_continuation_clinical_knowledge": {
            "alias": "mmlu_continuation_clinical_knowledge",
            "acc,none": 0.37735849056603776,
            "acc_stderr,none": 0.029832808114796005,
            "acc_norm,none": 0.49433962264150944,
            "acc_norm_stderr,none": 0.03077090076385131
        },
        "mmlu_continuation_college_biology": {
            "alias": "mmlu_continuation_college_biology",
            "acc,none": 0.4791666666666667,
            "acc_stderr,none": 0.04177578950739994,
            "acc_norm,none": 0.4930555555555556,
            "acc_norm_stderr,none": 0.04180806750294938
        },
        "mmlu_continuation_college_medicine": {
            "alias": "mmlu_continuation_college_medicine",
            "acc,none": 0.4161849710982659,
            "acc_stderr,none": 0.03758517775404948,
            "acc_norm,none": 0.43352601156069365,
            "acc_norm_stderr,none": 0.03778621079092056
        },
        "mmlu_continuation_medical_genetics": {
            "alias": "mmlu_continuation_medical_genetics",
            "acc,none": 0.4,
            "acc_stderr,none": 0.049236596391733084,
            "acc_norm,none": 0.52,
            "acc_norm_stderr,none": 0.05021167315686779
        },
        "mmlu_continuation_professional_medicine": {
            "alias": "mmlu_continuation_professional_medicine",
            "acc,none": 0.4338235294117647,
            "acc_stderr,none": 0.03010563657001664,
            "acc_norm,none": 0.41911764705882354,
            "acc_norm_stderr,none": 0.029972807170464622
        }
    },
    "group_subtasks": {
        "headqa_en": [],
        "medmcqa_continuation": [],
        "medqa_4options_continuation": [],
        "mmlu_continuation_anatomy": [],
        "mmlu_continuation_clinical_knowledge": [],
        "mmlu_continuation_college_biology": [],
        "mmlu_continuation_college_medicine": [],
        "mmlu_continuation_medical_genetics": [],
        "mmlu_continuation_professional_medicine": []
    },
    "configs": {
        "headqa_en": {
            "task": "headqa_en",
            "tag": "headqa",
            "dataset_path": "EleutherAI/headqa",
            "dataset_name": "en",
            "training_split": "train",
            "validation_split": "validation",
            "test_split": "test",
            "doc_to_text": "Question: {{qtext}}\nAnswer:",
            "doc_to_target": "{{ra - 1}}",
            "unsafe_code": false,
            "doc_to_choice": "{{answers|map(attribute='atext')|list}}",
            "description": "",
            "target_delimiter": " ",
            "fewshot_delimiter": "\n\n",
            "num_fewshot": 4,
            "metric_list": [
                {
                    "metric": "acc",
                    "aggregation": "mean",
                    "higher_is_better": true
                },
                {
                    "metric": "acc_norm",
                    "aggregation": "mean",
                    "higher_is_better": true
                }
            ],
            "output_type": "multiple_choice",
            "repeats": 1,
            "should_decontaminate": true,
            "doc_to_decontamination_query": "query",
            "metadata": {
                "version": 1.0
            }
        },
        "medmcqa_continuation": {
            "task": "medmcqa_continuation",
            "dataset_path": "kotmul/preprocessed_medmcqa",
            "training_split": "train",
            "validation_split": "validation",
            "test_split": "validation",
            "doc_to_text": "Question: {{question}}\nAnswer: ",
            "doc_to_target": "{{cop}}",
            "unsafe_code": false,
            "doc_to_choice": "{{choices}}",
            "description": "",
            "target_delimiter": " ",
            "fewshot_delimiter": "\n\n",
            "num_fewshot": 4,
            "metric_list": [
                {
                    "metric": "acc",
                    "aggregation": "mean",
                    "higher_is_better": true
                }
            ],
            "output_type": "multiple_choice",
            "repeats": 1,
            "should_decontaminate": true
        },
        "medqa_4options_continuation": {
            "task": "medqa_4options_continuation",
            "dataset_path": "kotmul/preprocessed_medqa",
            "training_split": "train",
            "validation_split": "validation",
            "test_split": "test",
            "doc_to_text": "Question: {{sent1}}\nAnswer: ",
            "doc_to_target": "{{label}}",
            "unsafe_code": false,
            "doc_to_choice": "{{choices}}",
            "description": "",
            "target_delimiter": " ",
            "fewshot_delimiter": "\n\n",
            "num_fewshot": 4,
            "metric_list": [
                {
                    "metric": "acc",
                    "aggregation": "mean"
                }
            ],
            "output_type": "multiple_choice",
            "repeats": 1,
            "should_decontaminate": false
        },
        "mmlu_continuation_anatomy": {
            "task": "mmlu_continuation_anatomy",
            "tag": "mmlu_continuation_stem",
            "dataset_path": "hails/mmlu_no_train",
            "dataset_name": "anatomy",
            "dataset_kwargs": {
                "trust_remote_code": true
            },
            "test_split": "test",
            "fewshot_split": "dev",
            "doc_to_text": "Question: {{question.strip()}}\nAnswer:",
            "doc_to_target": "{{answer}}",
            "unsafe_code": false,
            "doc_to_choice": "{{choices}}",
            "description": "The following are questions (with answers) about anatomy.\n\n",
            "target_delimiter": " ",
            "fewshot_delimiter": "\n\n",
            "fewshot_config": {
                "sampler": "first_n"
            },
            "num_fewshot": 4,
            "output_type": "multiple_choice",
            "repeats": 1,
            "should_decontaminate": false,
            "metadata": {
                "version": 1.0
            }
        },
        "mmlu_continuation_clinical_knowledge": {
            "task": "mmlu_continuation_clinical_knowledge",
            "tag": "mmlu_continuation_other",
            "dataset_path": "hails/mmlu_no_train",
            "dataset_name": "clinical_knowledge",
            "dataset_kwargs": {
                "trust_remote_code": true
            },
            "test_split": "test",
            "fewshot_split": "dev",
            "doc_to_text": "Question: {{question.strip()}}\nAnswer:",
            "doc_to_target": "{{answer}}",
            "unsafe_code": false,
            "doc_to_choice": "{{choices}}",
            "description": "The following are questions (with answers) about clinical knowledge.\n\n",
            "target_delimiter": " ",
            "fewshot_delimiter": "\n\n",
            "fewshot_config": {
                "sampler": "first_n"
            },