{
    "results": {
        "mmlu_continuation_business_ethics": {
            "alias": "mmlu_continuation_business_ethics",
            "acc,none": 0.69,
            "acc_stderr,none": 0.04648231987117316,
            "acc_norm,none": 0.63,
            "acc_norm_stderr,none": 0.04852365870939098
        },
        "mmlu_continuation_econometrics": {
            "alias": "mmlu_continuation_econometrics",
            "acc,none": 0.37719298245614036,
            "acc_stderr,none": 0.04559522141958216,
            "acc_norm,none": 0.3684210526315789,
            "acc_norm_stderr,none": 0.04537815354939392
        },
        "mmlu_continuation_high_school_macroeconomics": {
            "alias": "mmlu_continuation_high_school_macroeconomics",
            "acc,none": 0.35384615384615387,
            "acc_stderr,none": 0.02424378399406217,
            "acc_norm,none": 0.40512820512820513,
            "acc_norm_stderr,none": 0.024890471769938145
        },
        "mmlu_continuation_high_school_microeconomics": {
            "alias": "mmlu_continuation_high_school_microeconomics",
            "acc,none": 0.42016806722689076,
            "acc_stderr,none": 0.03206183783236152,
            "acc_norm,none": 0.5168067226890757,
            "acc_norm_stderr,none": 0.03246013680375308
        },
        "mmlu_continuation_management": {
            "alias": "mmlu_continuation_management",
            "acc,none": 0.5728155339805825,
            "acc_stderr,none": 0.04897957737781169,
            "acc_norm,none": 0.5533980582524272,
            "acc_norm_stderr,none": 0.049224241534589326
        },
        "mmlu_continuation_marketing": {
            "alias": "mmlu_continuation_marketing",
            "acc,none": 0.6324786324786325,
            "acc_stderr,none": 0.031585391577456365,
            "acc_norm,none": 0.5982905982905983,
            "acc_norm_stderr,none": 0.03211693751051621
        },
        "mmlu_continuation_professional_accounting": {
            "alias": "mmlu_continuation_professional_accounting",
            "acc,none": 0.33687943262411346,
            "acc_stderr,none": 0.02819553487396673,
            "acc_norm,none": 0.31560283687943264,
            "acc_norm_stderr,none": 0.02772498944950931
        }
    },
    "group_subtasks": {
        "mmlu_continuation_business_ethics": [],
        "mmlu_continuation_econometrics": [],
        "mmlu_continuation_high_school_macroeconomics": [],
        "mmlu_continuation_high_school_microeconomics": [],
        "mmlu_continuation_management": [],
        "mmlu_continuation_marketing": [],
        "mmlu_continuation_professional_accounting": []
    },
    "configs": {
        "mmlu_continuation_business_ethics": {
            "task": "mmlu_continuation_business_ethics",
            "tag": "mmlu_continuation_other",
            "dataset_path": "hails/mmlu_no_train",
            "dataset_name": "business_ethics",
            "dataset_kwargs": {
                "trust_remote_code": true
            },
            "test_split": "test",
            "fewshot_split": "dev",
            "doc_to_text": "Question: {{question.strip()}}\nAnswer:",
            "doc_to_target": "{{answer}}",
            "unsafe_code": false,
            "doc_to_choice": "{{choices}}",
            "description": "The following are questions (with answers) about business ethics.\n\n",
            "target_delimiter": " ",
            "fewshot_delimiter": "\n\n",
            "fewshot_config": {
                "sampler": "first_n"
            },
            "num_fewshot": 4,
            "output_type": "multiple_choice",
            "repeats": 1,
            "should_decontaminate": false,
            "metadata": {
                "version": 1.0
            }
        },
        "mmlu_continuation_econometrics": {
            "task": "mmlu_continuation_econometrics",
            "tag": "mmlu_continuation_social_sciences",
            "dataset_path": "hails/mmlu_no_train",
            "dataset_name": "econometrics",
            "dataset_kwargs": {
                "trust_remote_code": true
            },
            "test_split": "test",
            "fewshot_split": "dev",
            "doc_to_text": "Question: {{question.strip()}}\nAnswer:",
            "doc_to_target": "{{answer}}",
            "unsafe_code": false,
            "doc_to_choice": "{{choices}}",
            "description": "The following are questions (with answers) about econometrics.\n\n",
            "target_delimiter": " ",
            "fewshot_delimiter": "\n\n",
            "fewshot_config": {
                "sampler": "first_n"
            },
            "num_fewshot": 4,
            "output_type": "multiple_choice",
            "repeats": 1,
            "should_decontaminate": false,
            "metadata": {
                "version": 1.0
            }
        },
        "mmlu_continuation_high_school_macroeconomics": {
            "task": "mmlu_continuation_high_school_macroeconomics",
            "tag": "mmlu_continuation_social_sciences",
            "dataset_path": "hails/mmlu_no_train",
            "dataset_name": "high_school_macroeconomics",
            "dataset_kwargs": {
                "trust_remote_code": true
            },
            "test_split": "test",
            "fewshot_split": "dev",
            "doc_to_text": "Question: {{question.strip()}}\nAnswer:",
            "doc_to_target": "{{answer}}",
            "unsafe_code": false,
            "doc_to_choice": "{{choices}}",
            "description": "The following are questions (with answers) about high school macroeconomics.\n\n",
            "target_delimiter": " ",
            "fewshot_delimiter": "\n\n",
            "fewshot_config": {
                "sampler": "first_n"
            },
            "num_fewshot": 4,
            "output_type": "multiple_choice",
            "repeats": 1,
            "should_decontaminate": false,
            "metadata": {
                "version": 1.0
            }
        },
        "mmlu_continuation_high_school_microeconomics": {
            "task": "mmlu_continuation_high_school_microeconomics",
            "tag": "mmlu_continuation_social_sciences",
            "dataset_path": "hails/mmlu_no_train",
            "dataset_name": "high_school_microeconomics",
            "dataset_kwargs": {
                "trust_remote_code": true
            },
            "test_split": "test",
            "fewshot_split": "dev",
            "doc_to_text": "Question: {{question.strip()}}\nAnswer:",
            "doc_to_target": "{{answer}}",
            "unsafe_code": false,
            "doc_to_choice": "{{choices}}",
            "description": "The following are questions (with answers) about high school microeconomics.\n\n",
            "target_delimiter": " ",
            "fewshot_delimiter": "\n\n",
            "fewshot_config": {
                "sampler": "first_n"
            },
            "num_fewshot": 4,
            "output_type": "multiple_choice",
            "repeats": 1,
            "should_decontaminate": false,
            "metadata": {
                "version": 1.0
            }
        },
        "mmlu_continuation_management": {
            "task": "mmlu_continuation_management",
            "tag": "mmlu_continuation_other",
            "dataset_path": "hails/mmlu_no_train",
            "dataset_name": "management",
            "dataset_kwargs": {
                "trust_remote_code": true
            },
            "test_split": "test",
            "fewshot_split": "dev",
            "doc_to_text": "Question: {{question.strip()}}\nAnswer:",
            "doc_to_target": "{{answer}}",
            "unsafe_code": false,
            "doc_to_choice": "{{choices}}",
            "description": "The following are questions (with answers) about management.\n\n",
            "target_delimiter": " ",
            "fewshot_delimiter": "\n\n",
            "fewshot_config": {
                "sampler": "first_n"
            },
            "num_fewshot": 4,