{
    "checkpoint-1700": 7.507437705993652,
    "checkpoint-900": 7.4928154945373535,
    "checkpoint-1000": 7.501048564910889,
    "checkpoint-2300": 7.508142948150635,
    "checkpoint-1100": 7.501704692840576,
    "checkpoint-2100": 7.507709503173828,
    "checkpoint-1200": 7.503225326538086,
    "checkpoint-2200": 7.507955074310303,
    "checkpoint-1300": 7.50590181350708,
    "checkpoint-2000": 7.507765293121338,
    "checkpoint-500": 7.474165439605713,
    "checkpoint-700": 7.48353385925293,
    "checkpoint-1800": 7.507818698883057,
    "checkpoint-1500": 7.5087080001831055,
    "checkpoint-400": 7.467254638671875,
    "checkpoint-200": 7.438251972198486,
    "checkpoint-1400": 7.507025718688965,
    "checkpoint-600": 7.482418537139893,
    "checkpoint-1900": 7.507777690887451,
    "checkpoint-300": 7.454401016235352,
    "checkpoint-1600": 7.507917404174805,
    "checkpoint-2343": 7.5079874992370605,
    "checkpoint-0": 7.325109958648682,
    "checkpoint-800": 7.487049579620361,
    "checkpoint-100": 7.411482810974121
}