{
    "checkpoint-200": 7.4482808113098145,
    "checkpoint-100": 7.420388698577881,
    "checkpoint-600": 7.494042873382568,
    "checkpoint-700": 7.496985912322998,
    "checkpoint-1000": 7.513000965118408,
    "checkpoint-2200": 7.520755767822266,
    "checkpoint-1200": 7.51621150970459,
    "checkpoint-2300": 7.520330905914307,
    "checkpoint-1500": 7.520825386047363,
    "checkpoint-900": 7.505918025970459,
    "checkpoint-1400": 7.51969051361084,
    "checkpoint-2100": 7.520486831665039,
    "checkpoint-1800": 7.520442008972168,
    "checkpoint-1700": 7.5201945304870605,
    "checkpoint-400": 7.479202747344971,
    "checkpoint-1900": 7.520400524139404,
    "checkpoint-1100": 7.513907432556152,
    "checkpoint-2000": 7.520746231079102,
    "checkpoint-1300": 7.519224643707275,
    "checkpoint-500": 7.486699104309082,
    "checkpoint-300": 7.466193199157715,
    "checkpoint-800": 7.5001220703125,
    "checkpoint-1600": 7.520233631134033,
    "checkpoint-0": 7.326611518859863,
    "checkpoint-2343": 7.520472526550293
}