{
    "results": {
        "mmlu_continuation_business_ethics": {
            "alias": "mmlu_continuation_business_ethics",
            "acc,none": 0.6,
            "acc_stderr,none": 0.04923659639173309,
            "acc_norm,none": 0.56,
            "acc_norm_stderr,none": 0.049888765156985884
        },
        "mmlu_continuation_econometrics": {
            "alias": "mmlu_continuation_econometrics",
            "acc,none": 0.2543859649122807,
            "acc_stderr,none": 0.040969851398436716,
            "acc_norm,none": 0.2631578947368421,
            "acc_norm_stderr,none": 0.0414243971948936
        },
        "mmlu_continuation_high_school_macroeconomics": {
            "alias": "mmlu_continuation_high_school_macroeconomics",
            "acc,none": 0.30512820512820515,
            "acc_stderr,none": 0.023346335293325887,
            "acc_norm,none": 0.3384615384615385,
            "acc_norm_stderr,none": 0.023991500500313033
        },
        "mmlu_continuation_high_school_microeconomics": {
            "alias": "mmlu_continuation_high_school_microeconomics",
            "acc,none": 0.38235294117647056,
            "acc_stderr,none": 0.031566630992154156,
            "acc_norm,none": 0.4369747899159664,
            "acc_norm_stderr,none": 0.03221943636566196
        },
        "mmlu_continuation_management": {
            "alias": "mmlu_continuation_management",
            "acc,none": 0.42718446601941745,
            "acc_stderr,none": 0.04897957737781168,
            "acc_norm,none": 0.49514563106796117,
            "acc_norm_stderr,none": 0.049505043821289195
        },
        "mmlu_continuation_marketing": {
            "alias": "mmlu_continuation_marketing",
            "acc,none": 0.5341880341880342,
            "acc_stderr,none": 0.03267942734081228,
            "acc_norm,none": 0.5170940170940171,
            "acc_norm_stderr,none": 0.032736940493481824
        },
        "mmlu_continuation_professional_accounting": {
            "alias": "mmlu_continuation_professional_accounting",
            "acc,none": 0.2801418439716312,
            "acc_stderr,none": 0.026789172351140245,
            "acc_norm,none": 0.2801418439716312,
            "acc_norm_stderr,none": 0.02678917235114025
        }
    },
    "group_subtasks": {
        "mmlu_continuation_business_ethics": [],
        "mmlu_continuation_econometrics": [],
        "mmlu_continuation_high_school_macroeconomics": [],
        "mmlu_continuation_high_school_microeconomics": [],
        "mmlu_continuation_management": [],
        "mmlu_continuation_marketing": [],
        "mmlu_continuation_professional_accounting": []
    },
    "configs": {
        "mmlu_continuation_business_ethics": {
            "task": "mmlu_continuation_business_ethics",
            "tag": "mmlu_continuation_other",
            "dataset_path": "hails/mmlu_no_train",
            "dataset_name": "business_ethics",
            "dataset_kwargs": {
                "trust_remote_code": true
            },
            "test_split": "test",
            "fewshot_split": "dev",
            "doc_to_text": "Question: {{question.strip()}}\nAnswer:",
            "doc_to_target": "{{answer}}",
            "unsafe_code": false,
            "doc_to_choice": "{{choices}}",
            "description": "The following are questions (with answers) about business ethics.\n\n",
            "target_delimiter": " ",
            "fewshot_delimiter": "\n\n",
            "fewshot_config": {
                "sampler": "first_n"
            },
            "num_fewshot": 4,
            "output_type": "multiple_choice",
            "repeats": 1,
            "should_decontaminate": false,
            "metadata": {
                "version": 1.0
            }
        },
        "mmlu_continuation_econometrics": {
            "task": "mmlu_continuation_econometrics",
            "tag": "mmlu_continuation_social_sciences",
            "dataset_path": "hails/mmlu_no_train",
            "dataset_name": "econometrics",
            "dataset_kwargs": {
                "trust_remote_code": true
            },
            "test_split": "test",
            "fewshot_split": "dev",
            "doc_to_text": "Question: {{question.strip()}}\nAnswer:",
            "doc_to_target": "{{answer}}",
            "unsafe_code": false,
            "doc_to_choice": "{{choices}}",
            "description": "The following are questions (with answers) about econometrics.\n\n",
            "target_delimiter": " ",
            "fewshot_delimiter": "\n\n",
            "fewshot_config": {
                "sampler": "first_n"
            },
            "num_fewshot": 4,
            "output_type": "multiple_choice",
            "repeats": 1,
            "should_decontaminate": false,
            "metadata": {
                "version": 1.0
            }
        },
        "mmlu_continuation_high_school_macroeconomics": {
            "task": "mmlu_continuation_high_school_macroeconomics",
            "tag": "mmlu_continuation_social_sciences",
            "dataset_path": "hails/mmlu_no_train",
            "dataset_name": "high_school_macroeconomics",
            "dataset_kwargs": {
                "trust_remote_code": true
            },
            "test_split": "test",
            "fewshot_split": "dev",
            "doc_to_text": "Question: {{question.strip()}}\nAnswer:",
            "doc_to_target": "{{answer}}",
            "unsafe_code": false,
            "doc_to_choice": "{{choices}}",
            "description": "The following are questions (with answers) about high school macroeconomics.\n\n",
            "target_delimiter": " ",
            "fewshot_delimiter": "\n\n",
            "fewshot_config": {
                "sampler": "first_n"
            },
            "num_fewshot": 4,
            "output_type": "multiple_choice",
            "repeats": 1,
            "should_decontaminate": false,
            "metadata": {
                "version": 1.0
            }
        },
        "mmlu_continuation_high_school_microeconomics": {
            "task": "mmlu_continuation_high_school_microeconomics",
            "tag": "mmlu_continuation_social_sciences",
            "dataset_path": "hails/mmlu_no_train",
            "dataset_name": "high_school_microeconomics",
            "dataset_kwargs": {
                "trust_remote_code": true
            },
            "test_split": "test",
            "fewshot_split": "dev",
            "doc_to_text": "Question: {{question.strip()}}\nAnswer:",
            "doc_to_target": "{{answer}}",
            "unsafe_code": false,
            "doc_to_choice": "{{choices}}",
            "description": "The following are questions (with answers) about high school microeconomics.\n\n",
            "target_delimiter": " ",
            "fewshot_delimiter": "\n\n",
            "fewshot_config": {
                "sampler": "first_n"
            },
            "num_fewshot": 4,
            "output_type": "multiple_choice",
            "repeats": 1,
            "should_decontaminate": false,
            "metadata": {
                "version": 1.0
            }
        },
        "mmlu_continuation_management": {
            "task": "mmlu_continuation_management",
            "tag": "mmlu_continuation_other",
            "dataset_path": "hails/mmlu_no_train",
            "dataset_name": "management",
            "dataset_kwargs": {
                "trust_remote_code": true
            },
            "test_split": "test",
            "fewshot_split": "dev",
            "doc_to_text": "Question: {{question.strip()}}\nAnswer:",
            "doc_to_target": "{{answer}}",
            "unsafe_code": false,
            "doc_to_choice": "{{choices}}",
            "description": "The following are questions (with answers) about management.\n\n",
            "target_delimiter": " ",
            "fewshot_delimiter": "\n\n",
            "fewshot_config": {
                "sampler": "first_n"
            },
            "num_fewshot": 4,