{
    "results": {
        "mmlu_continuation_business_ethics": {
            "alias": "mmlu_continuation_business_ethics",
            "acc,none": 0.73,
            "acc_stderr,none": 0.044619604333847394,
            "acc_norm,none": 0.69,
            "acc_norm_stderr,none": 0.04648231987117316
        },
        "mmlu_continuation_econometrics": {
            "alias": "mmlu_continuation_econometrics",
            "acc,none": 0.4298245614035088,
            "acc_stderr,none": 0.04657047260594964,
            "acc_norm,none": 0.4298245614035088,
            "acc_norm_stderr,none": 0.04657047260594963
        },
        "mmlu_continuation_high_school_macroeconomics": {
            "alias": "mmlu_continuation_high_school_macroeconomics",
            "acc,none": 0.40512820512820513,
            "acc_stderr,none": 0.024890471769938145,
            "acc_norm,none": 0.4461538461538462,
            "acc_norm_stderr,none": 0.02520357177302833
        },
        "mmlu_continuation_high_school_microeconomics": {
            "alias": "mmlu_continuation_high_school_microeconomics",
            "acc,none": 0.47058823529411764,
            "acc_stderr,none": 0.03242225027115007,
            "acc_norm,none": 0.5714285714285714,
            "acc_norm_stderr,none": 0.032145368597886394
        },
        "mmlu_continuation_management": {
            "alias": "mmlu_continuation_management",
            "acc,none": 0.5242718446601942,
            "acc_stderr,none": 0.049449010929737795,
            "acc_norm,none": 0.6310679611650486,
            "acc_norm_stderr,none": 0.0477761518115674
        },
        "mmlu_continuation_marketing": {
            "alias": "mmlu_continuation_marketing",
            "acc,none": 0.7051282051282052,
            "acc_stderr,none": 0.02987257770889118,
            "acc_norm,none": 0.6965811965811965,
            "acc_norm_stderr,none": 0.030118210106942645
        },
        "mmlu_continuation_professional_accounting": {
            "alias": "mmlu_continuation_professional_accounting",
            "acc,none": 0.3333333333333333,
            "acc_stderr,none": 0.02812163604063989,
            "acc_norm,none": 0.3191489361702128,
            "acc_norm_stderr,none": 0.027807990141320193
        }
    },
    "group_subtasks": {
        "mmlu_continuation_business_ethics": [],
        "mmlu_continuation_econometrics": [],
        "mmlu_continuation_high_school_macroeconomics": [],
        "mmlu_continuation_high_school_microeconomics": [],
        "mmlu_continuation_management": [],
        "mmlu_continuation_marketing": [],
        "mmlu_continuation_professional_accounting": []
    },
    "configs": {
        "mmlu_continuation_business_ethics": {
            "task": "mmlu_continuation_business_ethics",
            "tag": "mmlu_continuation_other",
            "dataset_path": "hails/mmlu_no_train",
            "dataset_name": "business_ethics",
            "dataset_kwargs": {
                "trust_remote_code": true
            },
            "test_split": "test",
            "fewshot_split": "dev",
            "doc_to_text": "Question: {{question.strip()}}\nAnswer:",
            "doc_to_target": "{{answer}}",
            "unsafe_code": false,
            "doc_to_choice": "{{choices}}",
            "description": "The following are questions (with answers) about business ethics.\n\n",
            "target_delimiter": " ",
            "fewshot_delimiter": "\n\n",
            "fewshot_config": {
                "sampler": "first_n"
            },
            "num_fewshot": 4,
            "output_type": "multiple_choice",
            "repeats": 1,
            "should_decontaminate": false,
            "metadata": {
                "version": 1.0
            }
        },
        "mmlu_continuation_econometrics": {
            "task": "mmlu_continuation_econometrics",
            "tag": "mmlu_continuation_social_sciences",
            "dataset_path": "hails/mmlu_no_train",
            "dataset_name": "econometrics",
            "dataset_kwargs": {
                "trust_remote_code": true
            },
            "test_split": "test",
            "fewshot_split": "dev",
            "doc_to_text": "Question: {{question.strip()}}\nAnswer:",
            "doc_to_target": "{{answer}}",
            "unsafe_code": false,
            "doc_to_choice": "{{choices}}",
            "description": "The following are questions (with answers) about econometrics.\n\n",
            "target_delimiter": " ",
            "fewshot_delimiter": "\n\n",
            "fewshot_config": {
                "sampler": "first_n"
            },
            "num_fewshot": 4,
            "output_type": "multiple_choice",
            "repeats": 1,
            "should_decontaminate": false,
            "metadata": {
                "version": 1.0
            }
        },
        "mmlu_continuation_high_school_macroeconomics": {
            "task": "mmlu_continuation_high_school_macroeconomics",
            "tag": "mmlu_continuation_social_sciences",
            "dataset_path": "hails/mmlu_no_train",
            "dataset_name": "high_school_macroeconomics",
            "dataset_kwargs": {
                "trust_remote_code": true
            },
            "test_split": "test",
            "fewshot_split": "dev",
            "doc_to_text": "Question: {{question.strip()}}\nAnswer:",
            "doc_to_target": "{{answer}}",
            "unsafe_code": false,
            "doc_to_choice": "{{choices}}",
            "description": "The following are questions (with answers) about high school macroeconomics.\n\n",
            "target_delimiter": " ",
            "fewshot_delimiter": "\n\n",
            "fewshot_config": {
                "sampler": "first_n"
            },
            "num_fewshot": 4,
            "output_type": "multiple_choice",
            "repeats": 1,
            "should_decontaminate": false,
            "metadata": {
                "version": 1.0
            }
        },
        "mmlu_continuation_high_school_microeconomics": {
            "task": "mmlu_continuation_high_school_microeconomics",
            "tag": "mmlu_continuation_social_sciences",
            "dataset_path": "hails/mmlu_no_train",
            "dataset_name": "high_school_microeconomics",
            "dataset_kwargs": {
                "trust_remote_code": true
            },
            "test_split": "test",
            "fewshot_split": "dev",
            "doc_to_text": "Question: {{question.strip()}}\nAnswer:",
            "doc_to_target": "{{answer}}",
            "unsafe_code": false,
            "doc_to_choice": "{{choices}}",
            "description": "The following are questions (with answers) about high school microeconomics.\n\n",
            "target_delimiter": " ",
            "fewshot_delimiter": "\n\n",
            "fewshot_config": {
                "sampler": "first_n"
            },
            "num_fewshot": 4,
            "output_type": "multiple_choice",
            "repeats": 1,
            "should_decontaminate": false,
            "metadata": {
                "version": 1.0
            }
        },
        "mmlu_continuation_management": {
            "task": "mmlu_continuation_management",
            "tag": "mmlu_continuation_other",
            "dataset_path": "hails/mmlu_no_train",
            "dataset_name": "management",
            "dataset_kwargs": {
                "trust_remote_code": true
            },
            "test_split": "test",
            "fewshot_split": "dev",
            "doc_to_text": "Question: {{question.strip()}}\nAnswer:",
            "doc_to_target": "{{answer}}",
            "unsafe_code": false,
            "doc_to_choice": "{{choices}}",
            "description": "The following are questions (with answers) about management.\n\n",
            "target_delimiter": " ",
            "fewshot_delimiter": "\n\n",
            "fewshot_config": {
                "sampler": "first_n"
            },
            "num_fewshot": 4,