{
    "medical-seq2048": 8.038052558898926,
    "medical-seq2176": 8.01381778717041,
    "medical-seq2304": 7.996708869934082,
    "medical-seq2432": 7.980154037475586,
    "medical-seq2560": 7.955890655517578,
    "medical-seq2688": 7.9565510749816895,
    "medical-seq2816": 7.93664026260376,
    "medical-seq2944": 7.938279151916504,
    "medical-seq3072": 7.926517963409424,
    "medical-seq3200": 7.908830165863037,
    "medical-seq3328": 7.906185150146484,
    "medical-seq3456": 7.897906303405762,
    "medical-seq3584": 7.893063068389893,
    "medical-seq3712": 7.882792949676514,
    "medical-seq3840": 7.8769145011901855,
    "medical-seq4096": 7.86904764175415,
    "medical-seq3968": 7.865467071533203
}