{
    "medical-seq2048": 7.900990962982178,
    "medical-seq2176": 7.877261638641357,
    "medical-seq2304": 7.861066818237305,
    "medical-seq2432": 7.844222545623779,
    "medical-seq2560": 7.820724964141846,
    "medical-seq2688": 7.820981979370117,
    "medical-seq2816": 7.803038597106934,
    "medical-seq2944": 7.803368091583252,
    "medical-seq3072": 7.7911057472229,
    "medical-seq3200": 7.775601863861084,
    "medical-seq3328": 7.773324966430664,
    "medical-seq3456": 7.764880657196045,
    "medical-seq3584": 7.760133743286133,
    "medical-seq3712": 7.749456882476807,
    "medical-seq3840": 7.743946552276611,
    "medical-seq3968": 7.733535289764404,
    "medical-seq4096": 7.737026214599609
}