{
    "medical-seq2048": 7.972511291503906,
    "medical-seq2176": 7.942298412322998,
    "medical-seq2304": 7.919911861419678,
    "medical-seq2432": 7.898723602294922,
    "medical-seq2560": 7.869658946990967,
    "medical-seq2688": 7.8676629066467285,
    "medical-seq2816": 7.844123363494873,
    "medical-seq2944": 7.8435492515563965,
    "medical-seq3072": 7.828516960144043,
    "medical-seq3200": 7.80996036529541,
    "medical-seq3328": 7.804117679595947,
    "medical-seq3456": 7.79441499710083,
    "medical-seq3584": 7.788223743438721,
    "medical-seq3712": 7.774153709411621,
    "medical-seq3840": 7.766921043395996,
    "medical-seq3968": 7.756073474884033,
    "medical-seq4096": 7.7573161125183105
}