{
    "medical-seq2048": 7.857682704925537,
    "medical-seq2176": 7.834364891052246,
    "medical-seq2304": 7.819025993347168,
    "medical-seq2432": 7.803027629852295,
    "medical-seq2560": 7.7800798416137695,
    "medical-seq2688": 7.780463695526123,
    "medical-seq2816": 7.763079643249512,
    "medical-seq2944": 7.763545989990234,
    "medical-seq3072": 7.752945423126221,
    "medical-seq3200": 7.737100601196289,
    "medical-seq3328": 7.73533296585083,
    "medical-seq3456": 7.727092266082764,
    "medical-seq3584": 7.721592903137207,
    "medical-seq3712": 7.712075710296631,
    "medical-seq3840": 7.707279682159424,
    "medical-seq3968": 7.697454929351807,
    "medical-seq4096": 7.700380802154541
}