{
    "medical-seq2048": 8.041594505310059,
    "medical-seq2176": 8.009977340698242,
    "medical-seq2304": 7.992239475250244,
    "medical-seq2432": 7.971713066101074,
    "medical-seq2560": 7.9449591636657715,
    "medical-seq2688": 7.940897464752197,
    "medical-seq2816": 7.920221328735352,
    "medical-seq2944": 7.914064407348633,
    "medical-seq3072": 7.900910377502441,
    "medical-seq3200": 7.883741855621338,
    "medical-seq3328": 7.877903938293457,
    "medical-seq3456": 7.868577003479004,
    "medical-seq3584": 7.8621649742126465,
    "medical-seq3712": 7.849694728851318,
    "medical-seq3840": 7.841469764709473,
    "medical-seq3968": 7.827246189117432,
    "medical-seq4096": 7.831965923309326
}