{
    "checkpoint-750": 7.0942888259887695,
    "checkpoint-500": 7.219758033752441,
    "checkpoint-700": 7.113917827606201,
    "checkpoint-800": 7.07772970199585,
    "checkpoint-400": 7.2929887771606445,
    "checkpoint-300": 7.388172626495361,
    "checkpoint-100": 7.78354024887085,
    "checkpoint-350": 7.338021278381348,
    "checkpoint-200": 7.524781703948975,
    "checkpoint-550": 7.189040660858154,
    "checkpoint-600": 7.1620378494262695,
    "checkpoint-50": 8.078788757324219,
    "checkpoint-150": 7.62342643737793,
    "checkpoint-450": 7.253519535064697,
    "checkpoint-650": 7.135846138000488,
    "checkpoint-250": 7.447401523590088,
    "checkpoint-1100": 6.996237754821777,
    "checkpoint-1400": 6.953031063079834,
    "checkpoint-1500": 6.944645404815674,
    "checkpoint-900": 7.04367733001709,
    "checkpoint-1300": 6.964531898498535,
    "checkpoint-1450": 6.947318077087402,
    "checkpoint-1350": 6.957071781158447,
    "checkpoint-950": 7.030999660491943,
    "checkpoint-1000": 7.01787805557251,
    "checkpoint-1050": 7.006755828857422,
    "checkpoint-1600": 6.9358134269714355,
    "checkpoint-1550": 6.940046310424805,
    "checkpoint-1150": 6.9871015548706055,
    "checkpoint-1200": 6.9782023429870605,
    "checkpoint-850": 7.059266567230225,
    "checkpoint-1250": 6.971114158630371,
    "checkpoint-1900": 6.924767971038818,
    "checkpoint-2000": 6.923103332519531,
    "checkpoint-2300": 6.920129299163818,
    "checkpoint-2350": 6.919987201690674,
    "checkpoint-1750": 6.9288763999938965,
    "checkpoint-1800": 6.927792072296143,
    "checkpoint-2400": 6.91987943649292,
    "checkpoint-1650": 6.934185981750488,
    "checkpoint-1950": 6.923696041107178,
    "checkpoint-1700": 6.9310736656188965,
    "checkpoint-2150": 6.921271324157715,
    "checkpoint-1850": 6.926872253417969,
    "checkpoint-2100": 6.921432018280029,
    "checkpoint-2250": 6.9210004806518555,
    "checkpoint-2050": 6.921882152557373,
    "checkpoint-2200": 6.920933723449707,
    "checkpoint-2650": 6.9196295738220215,
    "checkpoint-2800": 6.919601917266846,
    "checkpoint-2550": 6.919551849365234,
    "checkpoint-2700": 6.919268608093262,
    "checkpoint-2750": 6.919378280639648,
    "checkpoint-2900": 6.919568061828613,
    "checkpoint-2939": 6.919555187225342,
    "checkpoint-2850": 6.919503211975098,
    "checkpoint-2500": 6.919585227966309,
    "checkpoint-2450": 6.919768810272217,
    "checkpoint-2600": 6.919573783874512
}