{
    "results": {
        "headqa_en": {
            "alias": "headqa_en",
            "acc,none": 0.37928519328956967,
            "acc_stderr,none": 0.009267753611388818,
            "acc_norm,none": 0.43690736688548504,
            "acc_norm_stderr,none": 0.009473928195281651
        },
        "medmcqa_continuation": {
            "alias": "medmcqa_continuation",
            "acc,none": 0.31795362180253406,
            "acc_stderr,none": 0.007201066598709988
        },
        "mmlu_continuation_anatomy": {
            "alias": "mmlu_continuation_anatomy",
            "acc,none": 0.4666666666666667,
            "acc_stderr,none": 0.043097329010363554,
            "acc_norm,none": 0.4666666666666667,
            "acc_norm_stderr,none": 0.043097329010363554
        },
        "mmlu_continuation_clinical_knowledge": {
            "alias": "mmlu_continuation_clinical_knowledge",
            "acc,none": 0.37358490566037733,
            "acc_stderr,none": 0.02977308271331987,
            "acc_norm,none": 0.539622641509434,
            "acc_norm_stderr,none": 0.030676096599389174
        },
        "mmlu_continuation_college_biology": {
            "alias": "mmlu_continuation_college_biology",
            "acc,none": 0.4722222222222222,
            "acc_stderr,none": 0.04174752578923185,
            "acc_norm,none": 0.5208333333333334,
            "acc_norm_stderr,none": 0.041775789507399935
        },
        "mmlu_continuation_college_medicine": {
            "alias": "mmlu_continuation_college_medicine",
            "acc,none": 0.3815028901734104,
            "acc_stderr,none": 0.03703851193099521,
            "acc_norm,none": 0.43352601156069365,
            "acc_norm_stderr,none": 0.03778621079092055
        },
        "mmlu_continuation_medical_genetics": {
            "alias": "mmlu_continuation_medical_genetics",
            "acc,none": 0.45,
            "acc_stderr,none": 0.05,
            "acc_norm,none": 0.52,
            "acc_norm_stderr,none": 0.050211673156867795
        },
        "mmlu_continuation_professional_medicine": {
            "alias": "mmlu_continuation_professional_medicine",
            "acc,none": 0.44485294117647056,
            "acc_stderr,none": 0.03018753206032939,
            "acc_norm,none": 0.4522058823529412,
            "acc_norm_stderr,none": 0.03023375855159645
        }
    },
    "group_subtasks": {
        "headqa_en": [],
        "medmcqa_continuation": [],
        "mmlu_continuation_anatomy": [],
        "mmlu_continuation_clinical_knowledge": [],
        "mmlu_continuation_college_biology": [],
        "mmlu_continuation_college_medicine": [],
        "mmlu_continuation_medical_genetics": [],
        "mmlu_continuation_professional_medicine": []
    },
    "configs": {
        "headqa_en": {
            "task": "headqa_en",
            "tag": "headqa",
            "dataset_path": "EleutherAI/headqa",
            "dataset_name": "en",
            "training_split": "train",
            "validation_split": "validation",
            "test_split": "test",
            "doc_to_text": "Question: {{qtext}}\nAnswer:",
            "doc_to_target": "{{ra - 1}}",
            "unsafe_code": false,
            "doc_to_choice": "{{answers|map(attribute='atext')|list}}",
            "description": "",
            "target_delimiter": " ",
            "fewshot_delimiter": "\n\n",
            "num_fewshot": 4,
            "metric_list": [
                {
                    "metric": "acc",
                    "aggregation": "mean",
                    "higher_is_better": true
                },
                {
                    "metric": "acc_norm",
                    "aggregation": "mean",
                    "higher_is_better": true
                }
            ],
            "output_type": "multiple_choice",
            "repeats": 1,
            "should_decontaminate": true,
            "doc_to_decontamination_query": "query",
            "metadata": {
                "version": 1.0
            }
        },
        "medmcqa_continuation": {
            "task": "medmcqa_continuation",
            "dataset_path": "kotmul/preprocessed_medmcqa",
            "training_split": "train",
            "validation_split": "validation",
            "test_split": "validation",
            "doc_to_text": "Question: {{question}}\nAnswer: ",
            "doc_to_target": "{{cop}}",
            "unsafe_code": false,
            "doc_to_choice": "{{choices}}",
            "description": "",
            "target_delimiter": " ",
            "fewshot_delimiter": "\n\n",
            "num_fewshot": 4,
            "metric_list": [
                {
                    "metric": "acc",
                    "aggregation": "mean",
                    "higher_is_better": true
                }
            ],
            "output_type": "multiple_choice",
            "repeats": 1,
            "should_decontaminate": true
        },
        "mmlu_continuation_anatomy": {
            "task": "mmlu_continuation_anatomy",
            "tag": "mmlu_continuation_stem",
            "dataset_path": "hails/mmlu_no_train",
            "dataset_name": "anatomy",
            "dataset_kwargs": {
                "trust_remote_code": true
            },
            "test_split": "test",
            "fewshot_split": "dev",
            "doc_to_text": "Question: {{question.strip()}}\nAnswer:",
            "doc_to_target": "{{answer}}",
            "unsafe_code": false,
            "doc_to_choice": "{{choices}}",
            "description": "The following are questions (with answers) about anatomy.\n\n",
            "target_delimiter": " ",
            "fewshot_delimiter": "\n\n",
            "fewshot_config": {
                "sampler": "first_n"
            },
            "num_fewshot": 4,
            "output_type": "multiple_choice",
            "repeats": 1,
            "should_decontaminate": false,
            "metadata": {
                "version": 1.0
            }
        },
        "mmlu_continuation_clinical_knowledge": {
            "task": "mmlu_continuation_clinical_knowledge",
            "tag": "mmlu_continuation_other",
            "dataset_path": "hails/mmlu_no_train",
            "dataset_name": "clinical_knowledge",
            "dataset_kwargs": {
                "trust_remote_code": true
            },
            "test_split": "test",
            "fewshot_split": "dev",
            "doc_to_text": "Question: {{question.strip()}}\nAnswer:",
            "doc_to_target": "{{answer}}",
            "unsafe_code": false,
            "doc_to_choice": "{{choices}}",
            "description": "The following are questions (with answers) about clinical knowledge.\n\n",
            "target_delimiter": " ",
            "fewshot_delimiter": "\n\n",
            "fewshot_config": {
                "sampler": "first_n"
            },
            "num_fewshot": 4,
            "output_type": "multiple_choice",
            "repeats": 1,
            "should_decontaminate": false,
            "metadata": {
                "version": 1.0
            }
        },
        "mmlu_continuation_college_biology": {
            "task": "mmlu_continuation_college_biology",
            "tag": "mmlu_continuation_stem",
            "dataset_path": "hails/mmlu_no_train",
            "dataset_name": "college_biology",
            "dataset_kwargs": {
                "trust_remote_code": true
            },
            "test_split": "test",
            "fewshot_split": "dev",
            "doc_to_text": "Question: {{question.strip()}}\nAnswer:",
            "doc_to_target": "{{answer}}",
            "unsafe_code": false,
            "doc_to_choice": "{{choices}}",
            "description": "The following are questions (with answers) about college biology.\n\n",
            "target_delimiter": " ",
            "fewshot_delimiter": "\n\n",
            "fewshot_config": {
                "sampler": "first_n"
            },
            "num_fewshot": 4,