{
    "results": {
        "mmlu_continuation_business_ethics": {
            "alias": "mmlu_continuation_business_ethics",
            "acc,none": 0.65,
            "acc_stderr,none": 0.0479372485441102,
            "acc_norm,none": 0.62,
            "acc_norm_stderr,none": 0.048783173121456316
        },
        "mmlu_continuation_econometrics": {
            "alias": "mmlu_continuation_econometrics",
            "acc,none": 0.38596491228070173,
            "acc_stderr,none": 0.04579639422070435,
            "acc_norm,none": 0.32456140350877194,
            "acc_norm_stderr,none": 0.044045561573747664
        },
        "mmlu_continuation_high_school_macroeconomics": {
            "alias": "mmlu_continuation_high_school_macroeconomics",
            "acc,none": 0.4,
            "acc_stderr,none": 0.02483881198803316,
            "acc_norm,none": 0.4358974358974359,
            "acc_norm_stderr,none": 0.02514180151117749
        },
        "mmlu_continuation_high_school_microeconomics": {
            "alias": "mmlu_continuation_high_school_microeconomics",
            "acc,none": 0.4495798319327731,
            "acc_stderr,none": 0.03231293497137707,
            "acc_norm,none": 0.5252100840336135,
            "acc_norm_stderr,none": 0.0324371805513741
        },
        "mmlu_continuation_management": {
            "alias": "mmlu_continuation_management",
            "acc,none": 0.49514563106796117,
            "acc_stderr,none": 0.04950504382128921,
            "acc_norm,none": 0.5825242718446602,
            "acc_norm_stderr,none": 0.048828405482122375
        },
        "mmlu_continuation_marketing": {
            "alias": "mmlu_continuation_marketing",
            "acc,none": 0.6581196581196581,
            "acc_stderr,none": 0.031075028526507755,
            "acc_norm,none": 0.6239316239316239,
            "acc_norm_stderr,none": 0.031733936329694803
        },
        "mmlu_continuation_professional_accounting": {
            "alias": "mmlu_continuation_professional_accounting",
            "acc,none": 0.28368794326241137,
            "acc_stderr,none": 0.026891709428343957,
            "acc_norm,none": 0.2695035460992908,
            "acc_norm_stderr,none": 0.026469036818590624
        }
    },
    "group_subtasks": {
        "mmlu_continuation_business_ethics": [],
        "mmlu_continuation_econometrics": [],
        "mmlu_continuation_high_school_macroeconomics": [],
        "mmlu_continuation_high_school_microeconomics": [],
        "mmlu_continuation_management": [],
        "mmlu_continuation_marketing": [],
        "mmlu_continuation_professional_accounting": []
    },
    "configs": {
        "mmlu_continuation_business_ethics": {
            "task": "mmlu_continuation_business_ethics",
            "tag": "mmlu_continuation_other",
            "dataset_path": "hails/mmlu_no_train",
            "dataset_name": "business_ethics",
            "dataset_kwargs": {
                "trust_remote_code": true
            },
            "test_split": "test",
            "fewshot_split": "dev",
            "doc_to_text": "Question: {{question.strip()}}\nAnswer:",
            "doc_to_target": "{{answer}}",
            "unsafe_code": false,
            "doc_to_choice": "{{choices}}",
            "description": "The following are questions (with answers) about business ethics.\n\n",
            "target_delimiter": " ",
            "fewshot_delimiter": "\n\n",
            "fewshot_config": {
                "sampler": "first_n"
            },
            "num_fewshot": 4,
            "output_type": "multiple_choice",
            "repeats": 1,
            "should_decontaminate": false,
            "metadata": {
                "version": 1.0
            }
        },
        "mmlu_continuation_econometrics": {
            "task": "mmlu_continuation_econometrics",
            "tag": "mmlu_continuation_social_sciences",
            "dataset_path": "hails/mmlu_no_train",
            "dataset_name": "econometrics",
            "dataset_kwargs": {
                "trust_remote_code": true
            },
            "test_split": "test",
            "fewshot_split": "dev",
            "doc_to_text": "Question: {{question.strip()}}\nAnswer:",
            "doc_to_target": "{{answer}}",
            "unsafe_code": false,
            "doc_to_choice": "{{choices}}",
            "description": "The following are questions (with answers) about econometrics.\n\n",
            "target_delimiter": " ",
            "fewshot_delimiter": "\n\n",
            "fewshot_config": {
                "sampler": "first_n"
            },
            "num_fewshot": 4,
            "output_type": "multiple_choice",
            "repeats": 1,
            "should_decontaminate": false,
            "metadata": {
                "version": 1.0
            }
        },
        "mmlu_continuation_high_school_macroeconomics": {
            "task": "mmlu_continuation_high_school_macroeconomics",
            "tag": "mmlu_continuation_social_sciences",
            "dataset_path": "hails/mmlu_no_train",
            "dataset_name": "high_school_macroeconomics",
            "dataset_kwargs": {
                "trust_remote_code": true
            },
            "test_split": "test",
            "fewshot_split": "dev",
            "doc_to_text": "Question: {{question.strip()}}\nAnswer:",
            "doc_to_target": "{{answer}}",
            "unsafe_code": false,
            "doc_to_choice": "{{choices}}",
            "description": "The following are questions (with answers) about high school macroeconomics.\n\n",
            "target_delimiter": " ",
            "fewshot_delimiter": "\n\n",
            "fewshot_config": {
                "sampler": "first_n"
            },
            "num_fewshot": 4,
            "output_type": "multiple_choice",
            "repeats": 1,
            "should_decontaminate": false,
            "metadata": {
                "version": 1.0
            }
        },
        "mmlu_continuation_high_school_microeconomics": {
            "task": "mmlu_continuation_high_school_microeconomics",
            "tag": "mmlu_continuation_social_sciences",
            "dataset_path": "hails/mmlu_no_train",
            "dataset_name": "high_school_microeconomics",
            "dataset_kwargs": {
                "trust_remote_code": true
            },
            "test_split": "test",
            "fewshot_split": "dev",
            "doc_to_text": "Question: {{question.strip()}}\nAnswer:",
            "doc_to_target": "{{answer}}",
            "unsafe_code": false,
            "doc_to_choice": "{{choices}}",
            "description": "The following are questions (with answers) about high school microeconomics.\n\n",
            "target_delimiter": " ",
            "fewshot_delimiter": "\n\n",
            "fewshot_config": {
                "sampler": "first_n"
            },
            "num_fewshot": 4,
            "output_type": "multiple_choice",
            "repeats": 1,
            "should_decontaminate": false,
            "metadata": {
                "version": 1.0
            }
        },
        "mmlu_continuation_management": {
            "task": "mmlu_continuation_management",
            "tag": "mmlu_continuation_other",
            "dataset_path": "hails/mmlu_no_train",
            "dataset_name": "management",
            "dataset_kwargs": {
                "trust_remote_code": true
            },
            "test_split": "test",
            "fewshot_split": "dev",
            "doc_to_text": "Question: {{question.strip()}}\nAnswer:",
            "doc_to_target": "{{answer}}",
            "unsafe_code": false,
            "doc_to_choice": "{{choices}}",
            "description": "The following are questions (with answers) about management.\n\n",
            "target_delimiter": " ",
            "fewshot_delimiter": "\n\n",
            "fewshot_config": {
                "sampler": "first_n"
            },
            "num_fewshot": 4,