{
    "results": {
        "headqa_en": {
            "alias": "headqa_en",
            "acc,none": 0.33552151714077316,
            "acc_stderr,none": 0.009018745500546098,
            "acc_norm,none": 0.387673231218089,
            "acc_norm_stderr,none": 0.009306149222867082
        },
        "medmcqa_continuation": {
            "alias": "medmcqa_continuation",
            "acc,none": 0.31173798709060485,
            "acc_stderr,none": 0.007162749274050721
        },
        "mmlu_continuation_anatomy": {
            "alias": "mmlu_continuation_anatomy",
            "acc,none": 0.42962962962962964,
            "acc_stderr,none": 0.04276349494376599,
            "acc_norm,none": 0.37037037037037035,
            "acc_norm_stderr,none": 0.04171654161354543
        },
        "mmlu_continuation_clinical_knowledge": {
            "alias": "mmlu_continuation_clinical_knowledge",
            "acc,none": 0.3660377358490566,
            "acc_stderr,none": 0.029647813539365252,
            "acc_norm,none": 0.4490566037735849,
            "acc_norm_stderr,none": 0.030612730713641092
        },
        "mmlu_continuation_college_biology": {
            "alias": "mmlu_continuation_college_biology",
            "acc,none": 0.4791666666666667,
            "acc_stderr,none": 0.04177578950739994,
            "acc_norm,none": 0.4791666666666667,
            "acc_norm_stderr,none": 0.04177578950739994
        },
        "mmlu_continuation_college_medicine": {
            "alias": "mmlu_continuation_college_medicine",
            "acc,none": 0.3815028901734104,
            "acc_stderr,none": 0.03703851193099521,
            "acc_norm,none": 0.3930635838150289,
            "acc_norm_stderr,none": 0.0372424959581773
        },
        "mmlu_continuation_medical_genetics": {
            "alias": "mmlu_continuation_medical_genetics",
            "acc,none": 0.45,
            "acc_stderr,none": 0.05,
            "acc_norm,none": 0.47,
            "acc_norm_stderr,none": 0.050161355804659205
        },
        "mmlu_continuation_professional_medicine": {
            "alias": "mmlu_continuation_professional_medicine",
            "acc,none": 0.4264705882352941,
            "acc_stderr,none": 0.030042615832714867,
            "acc_norm,none": 0.41544117647058826,
            "acc_norm_stderr,none": 0.02993534270787774
        }
    },
    "group_subtasks": {
        "headqa_en": [],
        "medmcqa_continuation": [],
        "mmlu_continuation_anatomy": [],
        "mmlu_continuation_clinical_knowledge": [],
        "mmlu_continuation_college_biology": [],
        "mmlu_continuation_college_medicine": [],
        "mmlu_continuation_medical_genetics": [],
        "mmlu_continuation_professional_medicine": []
    },
    "configs": {
        "headqa_en": {
            "task": "headqa_en",
            "tag": "headqa",
            "dataset_path": "EleutherAI/headqa",
            "dataset_name": "en",
            "training_split": "train",
            "validation_split": "validation",
            "test_split": "test",
            "doc_to_text": "Question: {{qtext}}\nAnswer:",
            "doc_to_target": "{{ra - 1}}",
            "unsafe_code": false,
            "doc_to_choice": "{{answers|map(attribute='atext')|list}}",
            "description": "",
            "target_delimiter": " ",
            "fewshot_delimiter": "\n\n",
            "num_fewshot": 4,
            "metric_list": [
                {
                    "metric": "acc",
                    "aggregation": "mean",
                    "higher_is_better": true
                },
                {
                    "metric": "acc_norm",
                    "aggregation": "mean",
                    "higher_is_better": true
                }
            ],
            "output_type": "multiple_choice",
            "repeats": 1,
            "should_decontaminate": true,
            "doc_to_decontamination_query": "query",
            "metadata": {
                "version": 1.0
            }
        },
        "medmcqa_continuation": {
            "task": "medmcqa_continuation",
            "dataset_path": "kotmul/preprocessed_medmcqa",
            "training_split": "train",
            "validation_split": "validation",
            "test_split": "validation",
            "doc_to_text": "Question: {{question}}\nAnswer: ",
            "doc_to_target": "{{cop}}",
            "unsafe_code": false,
            "doc_to_choice": "{{choices}}",
            "description": "",
            "target_delimiter": " ",
            "fewshot_delimiter": "\n\n",
            "num_fewshot": 4,
            "metric_list": [
                {
                    "metric": "acc",
                    "aggregation": "mean",
                    "higher_is_better": true
                }
            ],
            "output_type": "multiple_choice",
            "repeats": 1,
            "should_decontaminate": true
        },
        "mmlu_continuation_anatomy": {
            "task": "mmlu_continuation_anatomy",
            "tag": "mmlu_continuation_stem",
            "dataset_path": "hails/mmlu_no_train",
            "dataset_name": "anatomy",
            "dataset_kwargs": {
                "trust_remote_code": true
            },
            "test_split": "test",
            "fewshot_split": "dev",
            "doc_to_text": "Question: {{question.strip()}}\nAnswer:",
            "doc_to_target": "{{answer}}",
            "unsafe_code": false,
            "doc_to_choice": "{{choices}}",
            "description": "The following are questions (with answers) about anatomy.\n\n",
            "target_delimiter": " ",
            "fewshot_delimiter": "\n\n",
            "fewshot_config": {
                "sampler": "first_n"
            },
            "num_fewshot": 4,
            "output_type": "multiple_choice",
            "repeats": 1,
            "should_decontaminate": false,
            "metadata": {
                "version": 1.0
            }
        },
        "mmlu_continuation_clinical_knowledge": {
            "task": "mmlu_continuation_clinical_knowledge",
            "tag": "mmlu_continuation_other",
            "dataset_path": "hails/mmlu_no_train",
            "dataset_name": "clinical_knowledge",
            "dataset_kwargs": {
                "trust_remote_code": true
            },
            "test_split": "test",
            "fewshot_split": "dev",
            "doc_to_text": "Question: {{question.strip()}}\nAnswer:",
            "doc_to_target": "{{answer}}",
            "unsafe_code": false,
            "doc_to_choice": "{{choices}}",
            "description": "The following are questions (with answers) about clinical knowledge.\n\n",
            "target_delimiter": " ",
            "fewshot_delimiter": "\n\n",
            "fewshot_config": {
                "sampler": "first_n"
            },
            "num_fewshot": 4,
            "output_type": "multiple_choice",
            "repeats": 1,
            "should_decontaminate": false,
            "metadata": {
                "version": 1.0
            }
        },
        "mmlu_continuation_college_biology": {
            "task": "mmlu_continuation_college_biology",
            "tag": "mmlu_continuation_stem",
            "dataset_path": "hails/mmlu_no_train",
            "dataset_name": "college_biology",
            "dataset_kwargs": {
                "trust_remote_code": true
            },
            "test_split": "test",
            "fewshot_split": "dev",
            "doc_to_text": "Question: {{question.strip()}}\nAnswer:",
            "doc_to_target": "{{answer}}",
            "unsafe_code": false,
            "doc_to_choice": "{{choices}}",
            "description": "The following are questions (with answers) about college biology.\n\n",
            "target_delimiter": " ",
            "fewshot_delimiter": "\n\n",
            "fewshot_config": {
                "sampler": "first_n"
            },
            "num_fewshot": 4,