{
    "checkpoint-600": 7.1669602394104,
    "checkpoint-550": 7.192964553833008,
    "checkpoint-750": 7.101745128631592,
    "checkpoint-450": 7.256353378295898,
    "checkpoint-350": 7.3357977867126465,
    "checkpoint-500": 7.222763538360596,
    "checkpoint-150": 7.613194942474365,
    "checkpoint-800": 7.086258888244629,
    "checkpoint-700": 7.119856834411621,
    "checkpoint-200": 7.516722202301025,
    "checkpoint-650": 7.142601013183594,
    "checkpoint-400": 7.293544769287109,
    "checkpoint-100": 7.769786357879639,
    "checkpoint-300": 7.385248184204102,
    "checkpoint-50": 8.066819190979004,
    "checkpoint-250": 7.442807674407959,
    "checkpoint-1550": 6.9525933265686035,
    "checkpoint-1350": 6.971227645874023,
    "checkpoint-900": 7.054307460784912,
    "checkpoint-1100": 7.009086608886719,
    "checkpoint-1600": 6.949711322784424,
    "checkpoint-1300": 6.978177547454834,
    "checkpoint-1150": 6.998733043670654,
    "checkpoint-1450": 6.960775852203369,
    "checkpoint-950": 7.041465759277344,
    "checkpoint-1200": 6.991203784942627,
    "checkpoint-1500": 6.957200527191162,
    "checkpoint-1000": 7.0298171043396,
    "checkpoint-1400": 6.966125965118408,
    "checkpoint-1050": 7.0192413330078125,
    "checkpoint-850": 7.068338871002197,
    "checkpoint-1250": 6.984622001647949,
    "checkpoint-1750": 6.943104267120361,
    "checkpoint-1800": 6.9420647621154785,
    "checkpoint-2350": 6.9348297119140625,
    "checkpoint-1700": 6.945220947265625,
    "checkpoint-2150": 6.936211109161377,
    "checkpoint-2050": 6.936612129211426,
    "checkpoint-2300": 6.934374809265137,
    "checkpoint-2100": 6.936167240142822,
    "checkpoint-2000": 6.937485694885254,
    "checkpoint-1900": 6.940014839172363,
    "checkpoint-2400": 6.934514999389648,
    "checkpoint-2200": 6.93561315536499,
    "checkpoint-1650": 6.948028087615967,
    "checkpoint-2250": 6.935118198394775,
    "checkpoint-1950": 6.938466548919678,
    "checkpoint-1850": 6.941596984863281,
    "checkpoint-2700": 6.9340081214904785,
    "checkpoint-2650": 6.933676719665527,
    "checkpoint-2800": 6.933892726898193,
    "checkpoint-2750": 6.934061527252197,
    "checkpoint-2550": 6.934195518493652,
    "checkpoint-2939": 6.9340386390686035,
    "checkpoint-2600": 6.933902740478516,
    "checkpoint-2450": 6.934146881103516,
    "checkpoint-2850": 6.934006690979004,
    "checkpoint-2500": 6.934251308441162,
    "checkpoint-2900": 6.9339189529418945
}